EMPLID,First_Name,Last_Name,Email
37298510,Olivia,Garcia,Olivia.Garcia@gmail.com
19604325,Ethan,Smith,Ethan.Smith@gmail.com
42976063,Sophia,Johnson,Sophia.Johnson@gmail.com
81873624,Benjamin,Davis,Benjamin.Davis@gmail.com
27540189,Ava,Martinez,Ava.Martinez@gmail.com
57783820,William,Rodriguez,William.Rodriguez@gmail.com
98654173,Mia,Brown,Mia.Brown@gmail.com
74890236,Alexander,Wilson,Alexander.Wilson@gmail.com
61749380,Charlotte,Anderson,Charlotte.Anderson@gmail.com
41937462,Michael,Miller,Michael.Miller@gmail.com
59381245,Emily,Taylor,Emily.Taylor@gmail.com
93726158,Daniel,Thomas,Daniel.Thomas@gmail.com
34201946,Harper,Hernandez,Harper.Hernandez@gmail.com
82105734,Matthew,Moore,Matthew.Moore@gmail.com
49068217,Amelia,Jackson,Amelia.Jackson@gmail.com
10792435,Samuel,Martin,Samuel.Martin@gmail.com
83694057,Abigail,Lee,Abigail.Lee@gmail.com
65472839,Joseph,Perez,Joseph.Perez@gmail.com
23671049,Elizabeth,Thompson,Elizabeth.Thompson@gmail.com
42893516,Christopher,White,Christopher.White@gmail.com
86931724,Grace,Harris,Grace.Harris@gmail.com
57392480,David,Clark,David.Clark@gmail.com
71945803,Natalie,Robinson,Natalie.Robinson@gmail.com
28491370,James,Wright,James.Wright@gmail.com
90832647,Isabella,Young,Isabella.Young@gmail.com
65198437,Andrew,Allen,Andrew.Allen@gmail.com
17439268,Victoria,King,Victoria.King@gmail.com
83047561,Jacob,Scott,Jacob.Scott@gmail.com
14679358,Lily,Green,Lily.Green@gmail.com
50981763,John,Baker,John.Baker@gmail.com